<?xml version="1.0" encoding="UTF-8"?>
<project-private xmlns="http://www.netbeans.org/ns/project-private/1">
    <editor-bookmarks xmlns="http://www.netbeans.org/ns/editor-bookmarks/2" lastBookmarkId="0"/>
    <open-files xmlns="http://www.netbeans.org/ns/projectui-open-files/2">
        <group>
            <file>file:/C:/Users/Naiara/Documents/NetBeansProjects/TiendaAbierta/src/tiendaabierta/Cliente.java</file>
            <file>file:/C:/Users/Naiara/Documents/NetBeansProjects/TiendaAbierta/src/tiendaabierta/RegistrarProductos.java</file>
            <file>file:/C:/Users/Naiara/Documents/NetBeansProjects/TiendaAbierta/src/tiendaabierta/Venta.java</file>
            <file>file:/C:/Users/Naiara/Documents/NetBeansProjects/TiendaAbierta/src/tiendaabierta/Producto.java</file>
            <file>file:/C:/Users/Naiara/Documents/NetBeansProjects/TiendaAbierta/src/tiendaabierta/Json.java</file>
            <file>file:/C:/Users/Naiara/Documents/NetBeansProjects/TiendaAbierta/src/tiendaabierta/TiendaAbierta.java</file>
            <file>file:/C:/Users/Naiara/Documents/NetBeansProjects/TiendaAbierta/src/tiendaabierta/ItemCarrito.java</file>
            <file>file:/C:/Users/Naiara/Documents/NetBeansProjects/TiendaAbierta/src/tiendaabierta/Carrito.java</file>
            <file>file:/C:/Users/Naiara/Documents/NetBeansProjects/TiendaAbierta/src/tiendaabierta/ListaClientes.java</file>
        </group>
    </open-files>
</project-private>
