<?xml version="1.0" encoding="UTF-8"?>
<project-private xmlns="http://www.netbeans.org/ns/project-private/1">
    <editor-bookmarks xmlns="http://www.netbeans.org/ns/editor-bookmarks/2" lastBookmarkId="0"/>
    <open-files xmlns="http://www.netbeans.org/ns/projectui-open-files/2">
        <group>
            <file>file:/C:/Users/Naiara/Documents/NetBeansProjects/TiendaAbierta/src/tiendaabierta/Cliente.java</file>
            <file>file:/C:/Users/Naiara/Documents/NetBeansProjects/TiendaAbierta/test/tiendaabierta/TiendaAbiertaTest.java</file>
            <file>file:/C:/Users/Naiara/Documents/NetBeansProjects/TiendaAbierta/src/tiendaabierta/Producto.java</file>
            <file>file:/C:/Users/Naiara/Documents/NetBeansProjects/TiendaAbierta/test/tiendaabierta/ItemCarritoTest.java</file>
            <file>file:/C:/Users/Naiara/Documents/NetBeansProjects/TiendaAbierta/src/tiendaabierta/TiendaAbierta.java</file>
            <file>file:/C:/Users/Naiara/Documents/NetBeansProjects/TiendaAbierta/test/tiendaabierta/ProductoTest.java</file>
            <file>file:/C:/Users/Naiara/Documents/NetBeansProjects/TiendaAbierta/test/tiendaabierta/RegistrarProductosTest.java</file>
            <file>file:/C:/Users/Naiara/Documents/NetBeansProjects/TiendaAbierta/src/tiendaabierta/ListaClientes.java</file>
            <file>file:/C:/Users/Naiara/Documents/NetBeansProjects/TiendaAbierta/test/tiendaabierta/CarritoTest.java</file>
            <file>file:/C:/Users/Naiara/Documents/NetBeansProjects/TiendaAbierta/test/tiendaabierta/ClienteTest.java</file>
            <file>file:/C:/Users/Naiara/Documents/NetBeansProjects/TiendaAbierta/test/tiendaabierta/ListaClientesTest.java</file>
            <file>file:/C:/Users/Naiara/Documents/NetBeansProjects/TiendaAbierta/src/tiendaabierta/Venta.java</file>
            <file>file:/C:/Users/Naiara/Documents/NetBeansProjects/TiendaAbierta/src/tiendaabierta/ItemCarrito.java</file>
            <file>file:/C:/Users/Naiara/Documents/NetBeansProjects/TiendaAbierta/test/tiendaabierta/VentaTest.java</file>
            <file>file:/C:/Users/Naiara/Documents/NetBeansProjects/TiendaAbierta/build.xml</file>
            <file>file:/C:/Users/Naiara/Documents/NetBeansProjects/TiendaAbierta/src/tiendaabierta/Carrito.java</file>
        </group>
    </open-files>
</project-private>
